{
    "name": "Sri Ram",
    "emailid": "sriramkm2002@gmail.com",
    "address": "865, Madurai road,",
    "cv-link": "google.com",
    "aboutme": "I am an enthusiastic software developer with a strong drive to solve complex problems and create clean code. I have a proven track record of delivering efficient and scalable applications utilizing different programming languages such as Python, Java, and JavaScript. My key strengths lie in my ability to stay on top of the latest coding trends and techniques. I take pride in understanding the finer nuances of software development, and have the ability to turn ideas and concepts into reality. Additionally, I enjoy tackling complex tasks and rising up to challenges presented to me. I look forward to leveraging my skills to craft high-quality applications and deliver exceptional software solutions.",
    "skills_experience": "I'm highly confident in my creative skills and experiences. I'm a full-stack developer with expertise in frontend technologies like HTML, CSS, and JavaScript. I've also developed various projects in Node.js and Django, two well-known backend frameworks. Moreover, I'm well-versed with database management systems such as MySQL and MongoDB. Not only that, I'm well-accustomed with version control tools such as Git and project management methodologies such as Agile. I'm always looking to explore new technologies and enhance my technical skill set.",
    "skills": [
        [
            "HTML",
            "90"
        ],
        [
            "CSS",
            "80"
        ],
        [
            "Java",
            "100"
        ]
    ],
    "projects": [
        [
            "Smoke detector with CCTV camera",
            "This project is an AI-powered smoke detector system, equipped with a CCTV camera. It is trained with Tensor Flow to detect smoke and fire. The system is calibrated and trained using data collected by the creator. This project is a helpful tool for detecting and alerting the presence of smoke or fire in a controlled environment, helping to reduce the risk of any potential accidents. It also saves the CCTV footage to help authorities in their investigations. This innovative project provides a way to ensure safety without any human intervention."
        ]
    ],
    "references": [
        [
            "Jhon",
            "He is a good developer",
            "yahoo.com"
        ]
    ],
    "get_in_touch": "I'm eager to collaborate with you on your next project. You can contact me on my Email or connect with me on Linkedin. I love to discuss new opportunities, brainstorm ideas and to be part of innovative software solutions. If you have an ideas to make something unique and groundbreaking in software, feel free to share. I'm all ears. Let's create the next best product together.",
    "typo_skills": [
        "Dev",
        "Math lover",
        "Student"
    ]
}